{"Openwifidata":[{"id":"2","objectid":"1","point_lat":"51.22288545751500","point_lng":"4.40470475060340","id_wifi":"2","klant":"Stad","locatie":"AMVC - Letterenhuis","straat":"Minderbroedersstraat","huisnr":"22","postcode":"2000","gemeente":"Antwerpen","huidige_dekking":"gedeeltelijk","private":"ja","private_mobile":"ja","wifi_balie":"ja","lokale_wifi":null,"museumtracker":null,"wireless_scholen":null,"zb_alarm":null,"bewoner":null,"stad_gratis_wifi":"ja","stad_gratis_wifi_citymesh":null,"aanvraag_uitbreiding":"geen","geraamd_budget":null,"timing":null,"opmerking":null,"publ":"wel publiceren"},{"id":"5","objectid":"2","point_lat":"51.20588863925900","point_lng":"4.45823684767950","id_wifi":"5","klant":"Stad","locatie":"Bib Arena","straat":"Arenaplein","huisnr":"62A","postcode":"2100","gemeente":"Deurne","huidige_dekking":"volledig","private":"ja","private_mobile":"ja","wifi_balie":"ja","lokale_wifi":null,"museumtracker":null,"wireless_scholen":null,"zb_alarm":null,"bewoner":null,"stad_gratis_wifi":"ja","stad_gratis_wifi_citymesh":null,"aanvraag_uitbreiding":"geen","geraamd_budget":null,"timing":null,"opmerking":null,"publ":"wel publiceren"},{"id":"8","objectid":"3","point_lat":"51.22281832926300","point_lng":"4.45810833779650","id_wifi":"6","klant":"Stad","locatie":"Bib Couwelaar","straat":"Te Couwelaarlei","huisnr":"120","postcode":"2100","gemeente":"Deurne","huidige_dekking":"volledig","private":"ja","private_mobile":"ja","wifi_balie":"ja","lokale_wifi":null,"museumtracker":null,"wireless_scholen":null,"zb_alarm":null,"bewoner":null,"stad_gratis_wifi":"ja","stad_gratis_wifi_citymesh":null,"aanvraag_uitbreiding":"geen","geraamd_budget":null,"timing":null,"opmerking":null,"publ":"wel publiceren"},{"id":"11","objectid":"4","point_lat":"51.19563887766200","point_lng":"4.42085033952700","id_wifi":"7","klant":"Stad","locatie":"Bib De Poort","straat":"Willem Van Laarstraat","huisnr":"15-17","postcode":"2600","gemeente":"Berchem","huidige_dekking":"volledig","private":"ja","private_mobile":"ja","wifi_balie":"ja","lokale_wifi":null,"museumtracker":null,"wireless_scholen":null,"zb_alarm":null,"bewoner":null,"stad_gratis_wifi":"ja","stad_gratis_wifi_citymesh":null,"aanvraag_uitbreiding":"geen","geraamd_budget":null,"timing":null,"opmerking":null,"publ":"wel publiceren"},{"id":"14","objectid":"5","point_lat":"51.28088877499700","point_lng":"4.42005260721200","id_wifi":"8","klant":"Stad","locatie":"Bib Driehoek","straat":"Driehoekstraat","huisnr":"43","postcode":"2180","gemeente":"Ekeren","huidige_dekking":"volledig","private":"ja","private_mobile":"ja","wifi_balie":"ja","lokale_wifi":null,"museumtracker":null,"wireless_scholen":null,"zb_alarm":null,"bewoner":null,"stad_gratis_wifi":"ja","stad_gratis_wifi_citymesh":null,"aanvraag_uitbreiding":"geen","geraamd_budget":null,"timing":null,"opmerking":null,"publ":"wel publiceren"},{"id":"17","objectid":"6","point_lat":"51.24707936850000","point_lng":"4.44916976955130","id_wifi":"14","klant":"Stad","locatie":"Bib Park","straat":"Van Heybeeckstraat","huisnr":"28A","postcode":"2170","gemeente":"Merksem","huidige_dekking":"volledig","private":"ja","private_mobile":"ja","wifi_balie":"ja","lokale_wifi":null,"museumtracker":null,"wireless_scholen":null,"zb_alarm":null,"bewoner":null,"stad_gratis_wifi":"ja","stad_gratis_wifi_citymesh":null,"aanvraag_uitbreiding":"geen","geraamd_budget":null,"timing":null,"opmerking":null,"publ":"wel publiceren"},{"id":"20","objectid":"7","point_lat":"51.34706900819500","point_lng":"4.33041425253910","id_wifi":"15","klant":"Stad","locatie":"Bib Viswater","straat":"Tongerlostraat","huisnr":"2","postcode":"2040","gemeente":"Berendrecht","huidige_dekking":"volledig","private":"ja","private_mobile":"ja","wifi_balie":"ja","lokale_wifi":null,"museumtracker":null,"wireless_scholen":null,"zb_alarm":null,"bewoner":null,"stad_gratis_wifi":"ja","stad_gratis_wifi_citymesh":null,"aanvraag_uitbreiding":"geen","geraamd_budget":null,"timing":null,"opmerking":null,"publ":"wel publiceren"},{"id":"23","objectid":"8","point_lat":"51.34429788272900","point_lng":"4.32167512012210","id_wifi":"28","klant":"Stad","locatie":"DH BEZALI","straat":"Antwerpsebaan","huisnr":"140","postcode":"2040","gemeente":"Berendrecht","huidige_dekking":"geen","private":"te onderzoeken","private_mobile":"te onderzoeken","wifi_balie":"te onderzoeken","lokale_wifi":null,"museumtracker":null,"wireless_scholen":null,"zb_alarm":null,"bewoner":null,"stad_gratis_wifi":"ja","stad_gratis_wifi_citymesh":null,"aanvraag_uitbreiding":"via ETI - K13000125","geraamd_budget":"20000","timing":"Q1  2014","opmerking":null,"publ":"wel publiceren"},{"id":"26","objectid":"9","point_lat":"51.21847519778600","point_lng":"4.45962606878070","id_wifi":"30","klant":"Stad","locatie":"DH Deurne","straat":"Maurice Dequeeckerplein","huisnr":"1","postcode":"2100","gemeente":"Deurne","huidige_dekking":"gedeeltelijk","private":"ja","private_mobile":"ja","wifi_balie":"ja","lokale_wifi":null,"museumtracker":null,"wireless_scholen":null,"zb_alarm":null,"bewoner":null,"stad_gratis_wifi":"ja","stad_gratis_wifi_citymesh":null,"aanvraag_uitbreiding":"via ETI - K13000125","geraamd_budget":"10000","timing":"Q4 2013","opmerking":null,"publ":"wel publiceren"},{"id":"29","objectid":"10","point_lat":"51.16936348416800","point_lng":"4.39428127696140","id_wifi":"34","klant":"Stad","locatie":"DH Wilrijk","straat":"Bist","huisnr":"1","postcode":"2610","gemeente":"Wilrijk","huidige_dekking":"volledig","private":"ja","private_mobile":"ja","wifi_balie":"ja","lokale_wifi":null,"museumtracker":null,"wireless_scholen":null,"zb_alarm":null,"bewoner":null,"stad_gratis_wifi":"ja","stad_gratis_wifi_citymesh":null,"aanvraag_uitbreiding":"via ETI - K13000125","geraamd_budget":"1500","timing":"Q1  2014","opmerking":null,"publ":"wel publiceren"},{"id":"32","objectid":"11","point_lat":"51.22728279060200","point_lng":"4.40765432665120","id_wifi":"36","klant":"Stad","locatie":"Felixpakhuis - stadsarchief","straat":"Oude Leeuwenrui","huisnr":"29","postcode":"2000","gemeente":"Antwerpen","huidige_dekking":"gedeeltelijk","private":"ja","private_mobile":"ja","wifi_balie":"ja","lokale_wifi":null,"museumtracker":null,"wireless_scholen":null,"zb_alarm":null,"bewoner":null,"stad_gratis_wifi":"ja","stad_gratis_wifi_citymesh":null,"aanvraag_uitbreiding":"geen","geraamd_budget":null,"timing":null,"opmerking":null,"publ":"wel publiceren"},{"id":"35","objectid":"12","point_lat":"51.26353209481800","point_lng":"4.45778031097080","id_wifi":"37","klant":"Stad","locatie":"Fort Van Merksem","straat":"Fortsteenweg","huisnr":"nn","postcode":"2170","gemeente":"Merksem","huidige_dekking":"gedeeltelijk","private":"ja","private_mobile":"ja","wifi_balie":"ja","lokale_wifi":null,"museumtracker":null,"wireless_scholen":null,"zb_alarm":null,"bewoner":null,"stad_gratis_wifi":"ja","stad_gratis_wifi_citymesh":null,"aanvraag_uitbreiding":"geen","geraamd_budget":null,"timing":null,"opmerking":null,"publ":"wel publiceren"},{"id":"38","objectid":"13","point_lat":"51.22041705949600","point_lng":"4.41054604719940","id_wifi":"42","klant":"Stad","locatie":"Huis van de student","straat":"Sint-Jacobsmarkt","huisnr":"16","postcode":"2000","gemeente":"Antwerpen","huidige_dekking":"gedeeltelijk","private":null,"private_mobile":null,"wifi_balie":null,"lokale_wifi":"ja","museumtracker":null,"wireless_scholen":null,"zb_alarm":null,"bewoner":null,"stad_gratis_wifi":"ja","stad_gratis_wifi_citymesh":null,"aanvraag_uitbreiding":"geen","geraamd_budget":null,"timing":null,"opmerking":null,"publ":"wel publiceren"},{"id":"41","objectid":"14","point_lat":"51.23362493689100","point_lng":"4.40447433545260","id_wifi":"66","klant":"Stad","locatie":"Museum Red Star Line","straat":"Montevidedostraat","huisnr":"3","postcode":"2000","gemeente":"Antwerpen","huidige_dekking":"volledig","private":"ja","private_mobile":"ja","wifi_balie":"ja","lokale_wifi":null,"museumtracker":null,"wireless_scholen":null,"zb_alarm":null,"bewoner":null,"stad_gratis_wifi":"ja","stad_gratis_wifi_citymesh":null,"aanvraag_uitbreiding":null,"geraamd_budget":null,"timing":null,"opmerking":null,"publ":"wel publiceren"},{"id":"44","objectid":"15","point_lat":"51.19866477748100","point_lng":"4.44223055479780","id_wifi":"83","klant":"Stad","locatie":"Zwembad Groenenhoek","straat":"Orpheusplein","huisnr":"1","postcode":"2600","gemeente":"Berchem","huidige_dekking":"gedeeltelijk","private":"ja","private_mobile":"ja","wifi_balie":"ja","lokale_wifi":null,"museumtracker":null,"wireless_scholen":null,"zb_alarm":null,"bewoner":null,"stad_gratis_wifi":"ja","stad_gratis_wifi_citymesh":null,"aanvraag_uitbreiding":null,"geraamd_budget":null,"timing":null,"opmerking":null,"publ":"wel publiceren"},{"id":"47","objectid":"16","point_lat":"51.19298895088700","point_lng":"4.40557544635730","id_wifi":"84","klant":"Stad","locatie":"Zwembad Wezenberg","straat":"Desguinlei","huisnr":"17-19","postcode":"2018","gemeente":"Antwerpen","huidige_dekking":"gedeeltelijk","private":"ja","private_mobile":"ja","wifi_balie":"ja","lokale_wifi":null,"museumtracker":null,"wireless_scholen":null,"zb_alarm":null,"bewoner":null,"stad_gratis_wifi":"ja","stad_gratis_wifi_citymesh":null,"aanvraag_uitbreiding":null,"geraamd_budget":null,"timing":null,"opmerking":null,"publ":"wel publiceren"},{"id":"50","objectid":"17","point_lat":"51.19513342627400","point_lng":"4.38170375494090","id_wifi":"24","klant":"Stad","locatie":"DA2","straat":"Generaal Armstrongweg","huisnr":"1","postcode":"2020","gemeente":"Antwerpen","huidige_dekking":"volledig","private":"ja","private_mobile":"ja","wifi_balie":null,"lokale_wifi":null,"museumtracker":null,"wireless_scholen":null,"zb_alarm":null,"bewoner":null,"stad_gratis_wifi":"ja","stad_gratis_wifi_citymesh":null,"aanvraag_uitbreiding":null,"geraamd_budget":null,"timing":null,"opmerking":null,"publ":"wel publiceren"},{"id":"53","objectid":"18","point_lat":"51.22043475535900","point_lng":"4.40402931408450","id_wifi":"10","klant":"Stad","locatie":"Bib Erfgoed","straat":"Hendrik Conscienceplein","huisnr":"4","postcode":"2000","gemeente":"Antwerpen","huidige_dekking":"volledig","private":null,"private_mobile":null,"wifi_balie":null,"lokale_wifi":null,"museumtracker":null,"wireless_scholen":null,"zb_alarm":null,"bewoner":null,"stad_gratis_wifi":"ja","stad_gratis_wifi_citymesh":null,"aanvraag_uitbreiding":null,"geraamd_budget":null,"timing":null,"opmerking":null,"publ":"wel publiceren"},{"id":"56","objectid":"19","point_lat":"51.21552973535500","point_lng":"4.40580042355730","id_wifi":"26","klant":"Stad","locatie":"DH Antwerpen","straat":"Lange Gasthuisstraat","huisnr":"21","postcode":"2000","gemeente":"Antwerpen","huidige_dekking":"volledig","private":"ja","private_mobile":"ja","wifi_balie":"ja","lokale_wifi":null,"museumtracker":null,"wireless_scholen":null,"zb_alarm":null,"bewoner":null,"stad_gratis_wifi":"ja","stad_gratis_wifi_citymesh":null,"aanvraag_uitbreiding":"via ETI - K13000125","geraamd_budget":"1500","timing":"Q1  2014","opmerking":null,"publ":"wel publiceren"},{"id":"59","objectid":"20","point_lat":"51.19524262369000","point_lng":"4.41964670445850","id_wifi":"27","klant":"Stad","locatie":"DH Berchem","straat":"Grote Steenweg","huisnr":"150","postcode":"2600","gemeente":"Berchem","huidige_dekking":"volledig","private":"ja","private_mobile":"ja","wifi_balie":"ja","lokale_wifi":null,"museumtracker":null,"wireless_scholen":null,"zb_alarm":null,"bewoner":null,"stad_gratis_wifi":"ja","stad_gratis_wifi_citymesh":null,"aanvraag_uitbreiding":"via ETI - K13000125","geraamd_budget":"1500","timing":"Q1  2014","opmerking":null,"publ":"wel publiceren"},{"id":"62","objectid":"21","point_lat":"51.17099723361700","point_lng":"4.35325429689310","id_wifi":"32","klant":"Stad","locatie":"DH Hoboken","straat":"Marneflaan","huisnr":"3","postcode":"2660","gemeente":"Hoboken","huidige_dekking":"gedeeltelijk","private":"ja","private_mobile":"ja","wifi_balie":"ja","lokale_wifi":null,"museumtracker":null,"wireless_scholen":null,"zb_alarm":null,"bewoner":null,"stad_gratis_wifi":"ja","stad_gratis_wifi_citymesh":null,"aanvraag_uitbreiding":"via ETI - K13000125","geraamd_budget":"10000","timing":"Q1  2014","opmerking":null,"publ":"wel publiceren"},{"id":"65","objectid":"22","point_lat":"51.24201437125400","point_lng":"4.44199059100510","id_wifi":"33","klant":"Stad","locatie":"DH Merksem","straat":"Burgemeester Jozef Nolfplein","huisnr":"1","postcode":"2170","gemeente":"Merksem","huidige_dekking":"gedeeltelijk","private":"ja","private_mobile":"ja","wifi_balie":"ja","lokale_wifi":null,"museumtracker":null,"wireless_scholen":null,"zb_alarm":null,"bewoner":null,"stad_gratis_wifi":"ja","stad_gratis_wifi_citymesh":null,"aanvraag_uitbreiding":"via ETI - K13000125","geraamd_budget":"20000","timing":"Q1  2014","opmerking":null,"publ":"wel publiceren"},{"id":"68","objectid":"23","point_lat":"51.22535033280100","point_lng":"4.40209061172660","id_wifi":"52","klant":"Stad","locatie":"Ontmoetingscentrum Stadsmagazijn","straat":"Keistraat","huisnr":"5-7","postcode":"2000","gemeente":"Antwerpen","huidige_dekking":"volledig - in uitvoering","private":"te onderzoeken","private_mobile":"te onderzoeken","wifi_balie":"te onderzoeken","lokale_wifi":null,"museumtracker":null,"wireless_scholen":null,"zb_alarm":null,"bewoner":null,"stad_gratis_wifi":"ja","stad_gratis_wifi_citymesh":null,"aanvraag_uitbreiding":"in uitvoering","geraamd_budget":null,"timing":"Q4 2013","opmerking":null,"publ":"wel publiceren"},{"id":"71","objectid":"24","point_lat":"51.22183824186900","point_lng":"4.42156304189760","id_wifi":"55","klant":"Stad","locatie":"Bib Permeke","straat":"De Coninckplein","huisnr":"26","postcode":"2060","gemeente":"Antwerpen","huidige_dekking":"volledig - in uitvoering","private":"te onderzoeken","private_mobile":"te onderzoeken","wifi_balie":"te onderzoeken","lokale_wifi":null,"museumtracker":null,"wireless_scholen":null,"zb_alarm":null,"bewoner":null,"stad_gratis_wifi":"ja","stad_gratis_wifi_citymesh":null,"aanvraag_uitbreiding":"in uitvoering","geraamd_budget":null,"timing":"Q4 2013","opmerking":null,"publ":"wel publiceren"},{"id":"74","objectid":"25","point_lat":"51.18804970699000","point_lng":"4.43813761991930","id_wifi":"78","klant":"Stad","locatie":"Sporthal Het Rooi","straat":"Berchemstadionstraat","huisnr":"73","postcode":"2600","gemeente":"Berchem","huidige_dekking":"gedeeltelijk","private":"ja","private_mobile":"ja","wifi_balie":"nee","lokale_wifi":null,"museumtracker":null,"wireless_scholen":null,"zb_alarm":null,"bewoner":null,"stad_gratis_wifi":"ja","stad_gratis_wifi_citymesh":null,"aanvraag_uitbreiding":"in uitvoering","geraamd_budget":null,"timing":"na verbouwingswerken","opmerking":null,"publ":"wel publiceren"},{"id":"77","objectid":"26","point_lat":"51.17524548117900","point_lng":"4.34732719922160","id_wifi":"11","klant":"Stad","locatie":"Bib Hoboken","straat":"Kapelstraat","huisnr":"64","postcode":"2660","gemeente":"Hoboken","huidige_dekking":"volledig - in uitvoering","private":"te onderzoeken","private_mobile":"te onderzoeken","wifi_balie":"te onderzoeken","lokale_wifi":null,"museumtracker":null,"wireless_scholen":null,"zb_alarm":null,"bewoner":null,"stad_gratis_wifi":"ja","stad_gratis_wifi_citymesh":null,"aanvraag_uitbreiding":"in uitvoering","geraamd_budget":null,"timing":null,"opmerking":null,"publ":"wel publiceren"},{"id":"80","objectid":"27","point_lat":"51.22011493435500","point_lng":"4.46023558387110","id_wifi":"16","klant":"Stad","locatie":"Bib Vredegerecht","straat":"Turnhoutsebaan","huisnr":"92","postcode":"2100","gemeente":"Deurne","huidige_dekking":"volledig","private":"ja","private_mobile":"ja","wifi_balie":"ja","lokale_wifi":null,"museumtracker":null,"wireless_scholen":null,"zb_alarm":null,"bewoner":null,"stad_gratis_wifi":"ja","stad_gratis_wifi_citymesh":null,"aanvraag_uitbreiding":"via Ad Hoc","geraamd_budget":"1000","timing":"Q4 2013","opmerking":null,"publ":"wel publiceren"},{"id":"83","objectid":"28","point_lat":"51.21468092679500","point_lng":"4.39586600269040","id_wifi":"23","klant":"Stad","locatie":"CC Sint Andries","straat":"Sint-Andriesplaats","huisnr":"24","postcode":"2000","gemeente":"Antwerpen","huidige_dekking":"volledig","private":"ja","private_mobile":"ja","wifi_balie":"nee","lokale_wifi":null,"museumtracker":null,"wireless_scholen":null,"zb_alarm":null,"bewoner":null,"stad_gratis_wifi":"ja","stad_gratis_wifi_citymesh":null,"aanvraag_uitbreiding":"in uitvoering","geraamd_budget":null,"timing":null,"opmerking":null,"publ":"wel publiceren"},{"id":"86","objectid":"29","point_lat":"51.21310192194200","point_lng":"4.43429719361140","id_wifi":"29","klant":"Stad","locatie":"DH Borgerhout","straat":"Moorkensplein","huisnr":"19","postcode":"2140","gemeente":"Borgerhout","huidige_dekking":"gedeeltelijk","private":"ja","private_mobile":"ja","wifi_balie":"ja","lokale_wifi":null,"museumtracker":null,"wireless_scholen":null,"zb_alarm":null,"bewoner":null,"stad_gratis_wifi":"ja","stad_gratis_wifi_citymesh":null,"aanvraag_uitbreiding":"via ETI - K13000125","geraamd_budget":"10000","timing":"Q1  2014","opmerking":null,"publ":"wel publiceren"},{"id":"89","objectid":"30","point_lat":"51.27631600755500","point_lng":"4.42452057930250","id_wifi":"31","klant":"Stad","locatie":"DH Ekeren","straat":"Veltwijcklaan","huisnr":"27","postcode":"2180","gemeente":"Ekeren","huidige_dekking":"gedeeltelijk","private":"ja","private_mobile":"ja","wifi_balie":"ja","lokale_wifi":null,"museumtracker":null,"wireless_scholen":null,"zb_alarm":null,"bewoner":null,"stad_gratis_wifi":"ja","stad_gratis_wifi_citymesh":null,"aanvraag_uitbreiding":"via ETI - K13000125","geraamd_budget":"20000","timing":"Q1  2014","opmerking":null,"publ":"wel publiceren"},{"id":"92","objectid":"31","point_lat":"51.22165697622000","point_lng":"4.39998193014140","id_wifi":"39","klant":"Stad","locatie":"Toerisme","straat":"Grote Markt","huisnr":"9-15","postcode":"2000","gemeente":"Antwerpen","huidige_dekking":"volledig","private":"ja","private_mobile":"ja","wifi_balie":"ja","lokale_wifi":null,"museumtracker":null,"wireless_scholen":null,"zb_alarm":null,"bewoner":null,"stad_gratis_wifi":"ja","stad_gratis_wifi_citymesh":"ja","aanvraag_uitbreiding":"via ETI - K13000125","geraamd_budget":"15000","timing":"Q1  2014","opmerking":null,"publ":"wel publiceren"},{"id":"95","objectid":"32","point_lat":"51.22893397640300","point_lng":"4.40472921219660","id_wifi":"47","klant":"Stad","locatie":"MAS","straat":"Hanzestedenplaats","huisnr":"1","postcode":"2000","gemeente":"Antwerpen","huidige_dekking":"volledig","private":"ja","private_mobile":"ja","wifi_balie":"ja","lokale_wifi":null,"museumtracker":"ja","wireless_scholen":null,"zb_alarm":null,"bewoner":null,"stad_gratis_wifi":"ja","stad_gratis_wifi_citymesh":"ja","aanvraag_uitbreiding":"geen","geraamd_budget":null,"timing":null,"opmerking":null,"publ":"wel publiceren"},{"id":"98","objectid":"33","point_lat":"51.23755128498400","point_lng":"4.44318427867060","id_wifi":"50","klant":"Stad","locatie":"Ontmoetingscentrum Merksem Dok","straat":"Emiel Lemineurstraat","huisnr":"72-74","postcode":"2170","gemeente":"Merksem","huidige_dekking":"volledig - in uitvoering","private":"te onderzoeken","private_mobile":"te onderzoeken","wifi_balie":"te onderzoeken","lokale_wifi":null,"museumtracker":null,"wireless_scholen":null,"zb_alarm":null,"bewoner":null,"stad_gratis_wifi":"ja","stad_gratis_wifi_citymesh":null,"aanvraag_uitbreiding":"in uitvoering","geraamd_budget":null,"timing":"Q4 2013","opmerking":null,"publ":"wel publiceren"},{"id":"101","objectid":"34","point_lat":"51.22711239832600","point_lng":"4.43238033238590","id_wifi":"51","klant":"Stad","locatie":"Ontmoetingscentrum Oud Badhuis","straat":"Stuivenbergplein","huisnr":"38","postcode":"2060","gemeente":"Antwerpen","huidige_dekking":"volledig - in uitvoering","private":"te onderzoeken","private_mobile":"te onderzoeken","wifi_balie":"te onderzoeken","lokale_wifi":null,"museumtracker":null,"wireless_scholen":null,"zb_alarm":null,"bewoner":null,"stad_gratis_wifi":"ja","stad_gratis_wifi_citymesh":null,"aanvraag_uitbreiding":"in uitvoering","geraamd_budget":null,"timing":"Q4 2013","opmerking":null,"publ":"wel publiceren"},{"id":"104","objectid":"35","point_lat":"51.22153695570900","point_lng":"4.34980246670580","id_wifi":"53","klant":"Stad","locatie":"Ontmoetingscentrum Top Hat","straat":"Dwarslaan","huisnr":"9","postcode":"2030","gemeente":"Antwerpen","huidige_dekking":"volledig - in uitvoering","private":"te onderzoeken","private_mobile":"te onderzoeken","wifi_balie":"te onderzoeken","lokale_wifi":null,"museumtracker":null,"wireless_scholen":null,"zb_alarm":null,"bewoner":null,"stad_gratis_wifi":"ja","stad_gratis_wifi_citymesh":null,"aanvraag_uitbreiding":"in uitvoering","geraamd_budget":null,"timing":"Q4 2013","opmerking":null,"publ":"wel publiceren"},{"id":"107","objectid":"36","point_lat":"51.23052795089700","point_lng":"4.42630529839250","id_wifi":"54","klant":"Stad","locatie":"Parkloods - buurtsport","straat":"Damplein","huisnr":"36","postcode":"2060","gemeente":"Antwerpen","huidige_dekking":"volledig","private":"ja","private_mobile":"ja","wifi_balie":"ja","lokale_wifi":null,"museumtracker":null,"wireless_scholen":null,"zb_alarm":null,"bewoner":null,"stad_gratis_wifi":"ja","stad_gratis_wifi_citymesh":"ja","aanvraag_uitbreiding":"geen","geraamd_budget":null,"timing":null,"opmerking":null,"publ":"wel publiceren"},{"id":"110","objectid":"37","point_lat":"51.25528352036700","point_lng":"4.44493832503560","id_wifi":"208","klant":"Stad","locatie":"Bib Maantje","straat":"Maantjessteenweg","huisnr":"23","postcode":"2170","gemeente":"Merksem","huidige_dekking":"volledig","private":"ja","private_mobile":"ja","wifi_balie":null,"lokale_wifi":null,"museumtracker":null,"wireless_scholen":null,"zb_alarm":null,"bewoner":null,"stad_gratis_wifi":"ja","stad_gratis_wifi_citymesh":null,"aanvraag_uitbreiding":null,"geraamd_budget":null,"timing":null,"opmerking":null,"publ":"wel publiceren"},{"id":"113","objectid":"38","point_lat":"51.19692729152600","point_lng":"4.42249553864560","id_wifi":"207","klant":"Stad","locatie":"CC Berchem","straat":"Driekoningenstraat","huisnr":"126","postcode":"2600","gemeente":"Berchem","huidige_dekking":null,"private":"ja","private_mobile":"ja","wifi_balie":null,"lokale_wifi":null,"museumtracker":null,"wireless_scholen":null,"zb_alarm":null,"bewoner":null,"stad_gratis_wifi":"ja","stad_gratis_wifi_citymesh":null,"aanvraag_uitbreiding":null,"geraamd_budget":null,"timing":null,"opmerking":null,"publ":"wel publiceren"},{"id":"116","objectid":"39","point_lat":"51.28249916219000","point_lng":"4.44340042654280","id_wifi":"209","klant":"Stad","locatie":"CC Ekeren","straat":"Veltwijcklaan","huisnr":"252","postcode":"2180","gemeente":"Ekeren","huidige_dekking":"volledig","private":"ja","private_mobile":"ja","wifi_balie":null,"lokale_wifi":null,"museumtracker":null,"wireless_scholen":null,"zb_alarm":null,"bewoner":null,"stad_gratis_wifi":"ja","stad_gratis_wifi_citymesh":null,"aanvraag_uitbreiding":null,"geraamd_budget":null,"timing":null,"opmerking":null,"publ":"wel publiceren"}]}